timestamp,src_ip,dst_ip,proto,src_port,dst_port,flags,packet_len,label
1745350845.212879,192.168.100.5,192.168.100.4,TCP,46710,22,S,74,ssh_brute_force
1745350845.212941,192.168.100.4,192.168.100.5,TCP,22,46710,SA,74,ssh_brute_force
1745350845.213807,192.168.100.5,192.168.100.4,TCP,46710,22,A,66,ssh_brute_force
1745350845.213807,192.168.100.5,192.168.100.4,TCP,46710,22,PA,89,ssh_brute_force
1745350845.213855,192.168.100.4,192.168.100.5,TCP,22,46710,A,66,ssh_brute_force
1745350845.223347,192.168.100.4,192.168.100.5,TCP,22,46710,PA,98,ssh_brute_force
1745350845.224304,192.168.100.5,192.168.100.4,TCP,46710,22,A,66,ssh_brute_force
1745350845.225283,192.168.100.5,192.168.100.4,TCP,46710,22,PA,970,ssh_brute_force
1745350845.226610,192.168.100.4,192.168.100.5,TCP,22,46710,PA,1234,ssh_brute_force
1745350845.227512,192.168.100.5,192.168.100.4,TCP,46710,22,PA,114,ssh_brute_force
1745350845.231506,192.168.100.4,192.168.100.5,TCP,22,46710,PA,558,ssh_brute_force
1745350845.232444,192.168.100.5,192.168.100.4,TCP,46710,22,PA,82,ssh_brute_force
1745350845.278541,192.168.100.4,192.168.100.5,TCP,22,46710,A,66,ssh_brute_force
1745350845.279497,192.168.100.5,192.168.100.4,TCP,46710,22,PA,110,ssh_brute_force
1745350845.279605,192.168.100.4,192.168.100.5,TCP,22,46710,A,66,ssh_brute_force
1745350845.279784,192.168.100.4,192.168.100.5,TCP,22,46710,PA,110,ssh_brute_force
1745350845.280952,192.168.100.5,192.168.100.4,TCP,46710,22,PA,126,ssh_brute_force
1745350845.283215,192.168.100.4,192.168.100.5,TCP,22,46710,PA,118,ssh_brute_force
1745350845.284394,192.168.100.5,192.168.100.4,TCP,46710,22,PA,118,ssh_brute_force
1745350845.284394,192.168.100.5,192.168.100.4,TCP,46710,22,FA,66,ssh_brute_force
1745350845.288940,192.168.100.4,192.168.100.5,TCP,22,46710,FA,66,ssh_brute_force
1745350845.289554,192.168.100.5,192.168.100.4,TCP,46710,22,A,66,ssh_brute_force
1745350845.679343,192.168.100.5,192.168.100.4,TCP,46716,22,S,74,ssh_brute_force
1745350845.679344,192.168.100.5,192.168.100.4,TCP,46718,22,S,74,ssh_brute_force
1745350845.679344,192.168.100.5,192.168.100.4,TCP,46736,22,S,74,ssh_brute_force
1745350845.679344,192.168.100.5,192.168.100.4,TCP,46748,22,S,74,ssh_brute_force
1745350845.679400,192.168.100.4,192.168.100.5,TCP,22,46716,SA,74,ssh_brute_force
1745350845.679488,192.168.100.4,192.168.100.5,TCP,22,46718,SA,74,ssh_brute_force
1745350845.679567,192.168.100.4,192.168.100.5,TCP,22,46736,SA,74,ssh_brute_force
1745350845.679633,192.168.100.4,192.168.100.5,TCP,22,46748,SA,74,ssh_brute_force
1745350845.680308,192.168.100.5,192.168.100.4,TCP,46718,22,A,66,ssh_brute_force
1745350845.680308,192.168.100.5,192.168.100.4,TCP,46736,22,A,66,ssh_brute_force
1745350845.680308,192.168.100.5,192.168.100.4,TCP,46718,22,PA,89,ssh_brute_force
1745350845.680419,192.168.100.4,192.168.100.5,TCP,22,46718,A,66,ssh_brute_force
1745350845.680767,192.168.100.5,192.168.100.4,TCP,46736,22,PA,89,ssh_brute_force
1745350845.680767,192.168.100.5,192.168.100.4,TCP,46748,22,A,66,ssh_brute_force
1745350845.680767,192.168.100.5,192.168.100.4,TCP,46748,22,PA,89,ssh_brute_force
1745350845.680782,192.168.100.4,192.168.100.5,TCP,22,46736,A,66,ssh_brute_force
1745350845.680848,192.168.100.4,192.168.100.5,TCP,22,46748,A,66,ssh_brute_force
1745350845.681240,192.168.100.5,192.168.100.4,TCP,46716,22,A,66,ssh_brute_force
1745350845.681614,192.168.100.5,192.168.100.4,TCP,46716,22,PA,89,ssh_brute_force
1745350845.681627,192.168.100.4,192.168.100.5,TCP,22,46716,A,66,ssh_brute_force
1745350845.690600,192.168.100.4,192.168.100.5,TCP,22,46718,PA,98,ssh_brute_force
1745350845.691174,192.168.100.5,192.168.100.4,TCP,46718,22,A,66,ssh_brute_force
1745350845.691644,192.168.100.5,192.168.100.4,TCP,46718,22,PA,970,ssh_brute_force
1745350845.692510,192.168.100.4,192.168.100.5,TCP,22,46718,PA,1234,ssh_brute_force
1745350845.693571,192.168.100.5,192.168.100.4,TCP,46718,22,PA,114,ssh_brute_force
1745350845.693845,192.168.100.4,192.168.100.5,TCP,22,46736,PA,98,ssh_brute_force
1745350845.694414,192.168.100.5,192.168.100.4,TCP,46736,22,A,66,ssh_brute_force
1745350845.694776,192.168.100.5,192.168.100.4,TCP,46736,22,PA,970,ssh_brute_force
1745350845.696930,192.168.100.4,192.168.100.5,TCP,22,46736,PA,1234,ssh_brute_force
1745350845.697182,192.168.100.4,192.168.100.5,TCP,22,46718,PA,558,ssh_brute_force
1745350845.697897,192.168.100.5,192.168.100.4,TCP,46736,22,PA,114,ssh_brute_force
1745350845.698540,192.168.100.5,192.168.100.4,TCP,46718,22,PA,82,ssh_brute_force
1745350845.701172,192.168.100.4,192.168.100.5,TCP,22,46736,PA,558,ssh_brute_force
1745350845.702248,192.168.100.5,192.168.100.4,TCP,46736,22,PA,82,ssh_brute_force
1745350845.702562,192.168.100.4,192.168.100.5,TCP,22,46748,PA,98,ssh_brute_force
1745350845.703057,192.168.100.4,192.168.100.5,TCP,22,46716,PA,98,ssh_brute_force
1745350845.703269,192.168.100.5,192.168.100.4,TCP,46748,22,A,66,ssh_brute_force
1745350845.703570,192.168.100.5,192.168.100.4,TCP,46748,22,PA,970,ssh_brute_force
1745350845.703570,192.168.100.5,192.168.100.4,TCP,46716,22,A,66,ssh_brute_force
1745350845.704209,192.168.100.5,192.168.100.4,TCP,46716,22,PA,970,ssh_brute_force
1745350845.704983,192.168.100.4,192.168.100.5,TCP,22,46716,PA,1234,ssh_brute_force
1745350845.705863,192.168.100.5,192.168.100.4,TCP,46716,22,PA,114,ssh_brute_force
1745350845.705906,192.168.100.4,192.168.100.5,TCP,22,46748,PA,1234,ssh_brute_force
1745350845.706799,192.168.100.5,192.168.100.4,TCP,46748,22,PA,114,ssh_brute_force
1745350845.709168,192.168.100.4,192.168.100.5,TCP,22,46716,PA,558,ssh_brute_force
1745350845.710291,192.168.100.5,192.168.100.4,TCP,46716,22,PA,82,ssh_brute_force
1745350845.711464,192.168.100.4,192.168.100.5,TCP,22,46748,PA,558,ssh_brute_force
1745350845.712394,192.168.100.5,192.168.100.4,TCP,46748,22,PA,82,ssh_brute_force
1745350845.742566,192.168.100.4,192.168.100.5,TCP,22,46718,A,66,ssh_brute_force
1745350845.743807,192.168.100.5,192.168.100.4,TCP,46718,22,PA,110,ssh_brute_force
1745350845.743884,192.168.100.4,192.168.100.5,TCP,22,46718,A,66,ssh_brute_force
1745350845.744025,192.168.100.4,192.168.100.5,TCP,22,46718,PA,110,ssh_brute_force
1745350845.744814,192.168.100.5,192.168.100.4,TCP,46718,22,PA,126,ssh_brute_force
1745350845.746303,192.168.100.4,192.168.100.5,TCP,22,46718,PA,118,ssh_brute_force
1745350845.747406,192.168.100.5,192.168.100.4,TCP,46718,22,PA,150,ssh_brute_force
1745350845.750259,192.168.100.4,192.168.100.5,TCP,22,46736,A,66,ssh_brute_force
1745350845.750686,192.168.100.5,192.168.100.4,TCP,46736,22,PA,110,ssh_brute_force
1745350845.750711,192.168.100.4,192.168.100.5,TCP,22,46736,A,66,ssh_brute_force
1745350845.750824,192.168.100.4,192.168.100.5,TCP,22,46736,PA,110,ssh_brute_force
1745350845.751631,192.168.100.5,192.168.100.4,TCP,46736,22,PA,126,ssh_brute_force
1745350845.752878,192.168.100.4,192.168.100.5,TCP,22,46736,PA,118,ssh_brute_force
1745350845.753613,192.168.100.5,192.168.100.4,TCP,46736,22,PA,142,ssh_brute_force
1745350845.755969,192.168.100.4,192.168.100.5,TCP,22,46748,A,66,ssh_brute_force
1745350845.756165,192.168.100.4,192.168.100.5,TCP,22,46716,A,66,ssh_brute_force
1745350845.757013,192.168.100.5,192.168.100.4,TCP,46748,22,PA,110,ssh_brute_force
1745350845.757013,192.168.100.5,192.168.100.4,TCP,46716,22,PA,110,ssh_brute_force
1745350845.757086,192.168.100.4,192.168.100.5,TCP,22,46748,A,66,ssh_brute_force
1745350845.757161,192.168.100.4,192.168.100.5,TCP,22,46716,A,66,ssh_brute_force
1745350845.757194,192.168.100.4,192.168.100.5,TCP,22,46748,PA,110,ssh_brute_force
1745350845.757511,192.168.100.4,192.168.100.5,TCP,22,46716,PA,110,ssh_brute_force
1745350845.757903,192.168.100.5,192.168.100.4,TCP,46748,22,PA,126,ssh_brute_force
1745350845.759120,192.168.100.5,192.168.100.4,TCP,46716,22,PA,126,ssh_brute_force
1745350845.759137,192.168.100.4,192.168.100.5,TCP,22,46748,PA,118,ssh_brute_force
1745350845.759959,192.168.100.5,192.168.100.4,TCP,46748,22,PA,150,ssh_brute_force
1745350845.760976,192.168.100.4,192.168.100.5,TCP,22,46716,PA,118,ssh_brute_force
1745350845.761821,192.168.100.5,192.168.100.4,TCP,46716,22,PA,142,ssh_brute_force
1745350845.794154,192.168.100.4,192.168.100.5,TCP,22,46718,A,66,ssh_brute_force
1745350845.794553,192.168.100.4,192.168.100.5,TCP,22,46736,A,66,ssh_brute_force
1745350845.806359,192.168.100.4,192.168.100.5,TCP,22,46748,A,66,ssh_brute_force
1745350845.806578,192.168.100.4,192.168.100.5,TCP,22,46716,A,66,ssh_brute_force
1745350847.437845,192.168.100.4,192.168.100.5,TCP,22,46716,PA,118,ssh_brute_force
1745350847.439843,192.168.100.5,192.168.100.4,TCP,46716,22,PA,150,ssh_brute_force
1745350847.439867,192.168.100.4,192.168.100.5,TCP,22,46716,A,66,ssh_brute_force
1745350849.098660,192.168.100.4,192.168.100.5,TCP,22,46718,PA,118,ssh_brute_force
1745350849.100322,192.168.100.5,192.168.100.4,TCP,46718,22,PA,150,ssh_brute_force
1745350849.100348,192.168.100.4,192.168.100.5,TCP,22,46718,A,66,ssh_brute_force
1745350849.104887,192.168.100.4,192.168.100.5,TCP,22,46736,PA,118,ssh_brute_force
1745350849.111856,192.168.100.4,192.168.100.5,TCP,22,46748,PA,118,ssh_brute_force
1745350849.112266,192.168.100.5,192.168.100.4,TCP,46736,22,PA,142,ssh_brute_force
1745350849.112285,192.168.100.4,192.168.100.5,TCP,22,46736,A,66,ssh_brute_force
1745350849.127731,192.168.100.5,192.168.100.4,TCP,46748,22,PA,142,ssh_brute_force
1745350849.127765,192.168.100.4,192.168.100.5,TCP,22,46748,A,66,ssh_brute_force
1745350850.791778,192.168.100.4,192.168.100.5,TCP,22,46716,PA,118,ssh_brute_force
1745350850.793388,192.168.100.5,192.168.100.4,TCP,46716,22,PA,150,ssh_brute_force
1745350850.793411,192.168.100.4,192.168.100.5,TCP,22,46716,A,66,ssh_brute_force
1745350852.451763,192.168.100.4,192.168.100.5,TCP,22,46718,PA,118,ssh_brute_force
1745350852.453299,192.168.100.5,192.168.100.4,TCP,46718,22,PA,142,ssh_brute_force
1745350852.453320,192.168.100.4,192.168.100.5,TCP,22,46718,A,66,ssh_brute_force
1745350852.464137,192.168.100.4,192.168.100.5,TCP,22,46736,PA,118,ssh_brute_force
1745350852.466014,192.168.100.5,192.168.100.4,TCP,46736,22,PA,142,ssh_brute_force
1745350852.466032,192.168.100.4,192.168.100.5,TCP,22,46736,A,66,ssh_brute_force
1745350852.479121,192.168.100.4,192.168.100.5,TCP,22,46748,PA,118,ssh_brute_force
1745350852.479980,192.168.100.5,192.168.100.4,TCP,46748,22,PA,142,ssh_brute_force
1745350852.480000,192.168.100.4,192.168.100.5,TCP,22,46748,A,66,ssh_brute_force
1745350854.142071,192.168.100.4,192.168.100.5,TCP,22,46736,PA,118,ssh_brute_force
1745350854.144328,192.168.100.5,192.168.100.4,TCP,46736,22,PA,150,ssh_brute_force
1745350854.144360,192.168.100.4,192.168.100.5,TCP,22,46736,A,66,ssh_brute_force
1745350854.145210,192.168.100.4,192.168.100.5,TCP,22,46716,PA,118,ssh_brute_force
1745350854.154705,192.168.100.5,192.168.100.4,TCP,46716,22,PA,142,ssh_brute_force
1745350854.154724,192.168.100.4,192.168.100.5,TCP,22,46716,A,66,ssh_brute_force
1745350855.804927,192.168.100.4,192.168.100.5,TCP,22,46718,PA,118,ssh_brute_force
1745350855.806521,192.168.100.5,192.168.100.4,TCP,46718,22,PA,142,ssh_brute_force
1745350855.806540,192.168.100.4,192.168.100.5,TCP,22,46718,A,66,ssh_brute_force
1745350855.821090,192.168.100.4,192.168.100.5,TCP,22,46736,PA,118,ssh_brute_force
1745350855.822507,192.168.100.5,192.168.100.4,TCP,46736,22,PA,142,ssh_brute_force
1745350855.822527,192.168.100.4,192.168.100.5,TCP,22,46736,A,66,ssh_brute_force
1745350855.830668,192.168.100.4,192.168.100.5,TCP,22,46716,PA,118,ssh_brute_force
1745350855.831141,192.168.100.4,192.168.100.5,TCP,22,46748,PA,118,ssh_brute_force
1745350855.832958,192.168.100.5,192.168.100.4,TCP,46716,22,PA,142,ssh_brute_force
1745350855.832958,192.168.100.5,192.168.100.4,TCP,46748,22,PA,142,ssh_brute_force
1745350855.832981,192.168.100.4,192.168.100.5,TCP,22,46716,A,66,ssh_brute_force
1745350855.833217,192.168.100.4,192.168.100.5,TCP,22,46748,A,66,ssh_brute_force
1745350857.483073,192.168.100.4,192.168.100.5,TCP,22,46718,PA,118,ssh_brute_force
1745350857.484585,192.168.100.5,192.168.100.4,TCP,46718,22,PA,142,ssh_brute_force
1745350857.484604,192.168.100.4,192.168.100.5,TCP,22,46718,A,66,ssh_brute_force
1745350859.184725,192.168.100.4,192.168.100.5,TCP,22,46748,PA,118,ssh_brute_force
1745350859.186332,192.168.100.4,192.168.100.5,TCP,22,46736,PA,118,ssh_brute_force
1745350859.186772,192.168.100.5,192.168.100.4,TCP,46748,22,PA,142,ssh_brute_force
1745350859.186800,192.168.100.4,192.168.100.5,TCP,22,46748,A,66,ssh_brute_force
1745350859.197541,192.168.100.5,192.168.100.4,TCP,46736,22,PA,142,ssh_brute_force
1745350859.197565,192.168.100.4,192.168.100.5,TCP,22,46736,A,66,ssh_brute_force
1745350859.201546,192.168.100.4,192.168.100.5,TCP,22,46716,PA,118,ssh_brute_force
1745350859.208165,192.168.100.5,192.168.100.4,TCP,46716,22,PA,142,ssh_brute_force
1745350859.208178,192.168.100.4,192.168.100.5,TCP,22,46716,A,66,ssh_brute_force
1745350860.836458,192.168.100.4,192.168.100.5,TCP,22,46718,PA,118,ssh_brute_force
1745350860.838477,192.168.100.5,192.168.100.4,TCP,46718,22,PA,142,ssh_brute_force
1745350860.838502,192.168.100.4,192.168.100.5,TCP,22,46718,A,66,ssh_brute_force
1745350860.874740,192.168.100.4,192.168.100.5,TCP,22,46736,PA,118,ssh_brute_force
1745350860.876671,192.168.100.5,192.168.100.4,TCP,46736,22,PA,150,ssh_brute_force
1745350860.876697,192.168.100.4,192.168.100.5,TCP,22,46736,A,66,ssh_brute_force
1745350862.538171,192.168.100.4,192.168.100.5,TCP,22,46748,PA,118,ssh_brute_force
1745350862.539666,192.168.100.5,192.168.100.4,TCP,46748,22,PA,142,ssh_brute_force
1745350862.539687,192.168.100.4,192.168.100.5,TCP,22,46748,A,66,ssh_brute_force
1745350862.553206,192.168.100.4,192.168.100.5,TCP,22,46736,PA,118,ssh_brute_force
1745350862.554482,192.168.100.5,192.168.100.4,TCP,46736,22,PA,150,ssh_brute_force
1745350862.554496,192.168.100.4,192.168.100.5,TCP,22,46736,A,66,ssh_brute_force
1745350862.560273,192.168.100.4,192.168.100.5,TCP,22,46716,PA,118,ssh_brute_force
1745350862.565190,192.168.100.5,192.168.100.4,TCP,46716,22,PA,150,ssh_brute_force
1745350862.565211,192.168.100.4,192.168.100.5,TCP,22,46716,A,66,ssh_brute_force
1745350864.191744,192.168.100.4,192.168.100.5,TCP,22,46718,PA,118,ssh_brute_force
1745350864.193766,192.168.100.5,192.168.100.4,TCP,46718,22,PA,150,ssh_brute_force
1745350864.193790,192.168.100.4,192.168.100.5,TCP,22,46718,A,66,ssh_brute_force
1745350865.871600,192.168.100.4,192.168.100.5,TCP,22,46718,PA,118,ssh_brute_force
1745350865.873129,192.168.100.5,192.168.100.4,TCP,46718,22,PA,142,ssh_brute_force
1745350865.873151,192.168.100.4,192.168.100.5,TCP,22,46718,A,66,ssh_brute_force
1745350865.891003,192.168.100.4,192.168.100.5,TCP,22,46748,PA,118,ssh_brute_force
1745350865.892372,192.168.100.5,192.168.100.4,TCP,46748,22,PA,142,ssh_brute_force
1745350865.892390,192.168.100.4,192.168.100.5,TCP,22,46748,A,66,ssh_brute_force
1745350865.906101,192.168.100.4,192.168.100.5,TCP,22,46736,PA,118,ssh_brute_force
1745350865.907303,192.168.100.5,192.168.100.4,TCP,46736,22,PA,142,ssh_brute_force
1745350865.907318,192.168.100.4,192.168.100.5,TCP,22,46736,A,66,ssh_brute_force
1745350865.916688,192.168.100.4,192.168.100.5,TCP,22,46716,PA,118,ssh_brute_force
1745350865.918291,192.168.100.5,192.168.100.4,TCP,46716,22,PA,150,ssh_brute_force
1745350865.918308,192.168.100.4,192.168.100.5,TCP,22,46716,A,66,ssh_brute_force
1745350869.225493,192.168.100.4,192.168.100.5,TCP,22,46718,PA,118,ssh_brute_force
1745350869.226846,192.168.100.5,192.168.100.4,TCP,46718,22,PA,142,ssh_brute_force
1745350869.226872,192.168.100.4,192.168.100.5,TCP,22,46718,A,66,ssh_brute_force
1745350869.244407,192.168.100.4,192.168.100.5,TCP,22,46748,PA,118,ssh_brute_force
1745350869.246268,192.168.100.5,192.168.100.4,TCP,46748,22,PA,142,ssh_brute_force
1745350869.246289,192.168.100.4,192.168.100.5,TCP,22,46748,A,66,ssh_brute_force
1745350869.259325,192.168.100.4,192.168.100.5,TCP,22,46736,PA,118,ssh_brute_force
1745350869.269962,192.168.100.4,192.168.100.5,TCP,22,46716,PA,118,ssh_brute_force
1745350869.272199,192.168.100.5,192.168.100.4,TCP,46736,22,PA,142,ssh_brute_force
1745350869.272200,192.168.100.5,192.168.100.4,TCP,46716,22,PA,150,ssh_brute_force
1745350869.272227,192.168.100.4,192.168.100.5,TCP,22,46736,A,66,ssh_brute_force
1745350869.272356,192.168.100.4,192.168.100.5,TCP,22,46716,A,66,ssh_brute_force
1745350870.922298,192.168.100.4,192.168.100.5,TCP,22,46748,PA,118,ssh_brute_force
1745350870.924232,192.168.100.5,192.168.100.4,TCP,46748,22,PA,142,ssh_brute_force
1745350870.924260,192.168.100.4,192.168.100.5,TCP,22,46748,A,66,ssh_brute_force
1745350872.578397,192.168.100.4,192.168.100.5,TCP,22,46718,PA,118,ssh_brute_force
1745350872.580177,192.168.100.5,192.168.100.4,TCP,46718,22,PA,142,ssh_brute_force
1745350872.580200,192.168.100.4,192.168.100.5,TCP,22,46718,A,66,ssh_brute_force
1745350872.624425,192.168.100.4,192.168.100.5,TCP,22,46736,PA,118,ssh_brute_force
1745350872.624535,192.168.100.4,192.168.100.5,TCP,22,46716,PA,118,ssh_brute_force
1745350872.626711,192.168.100.5,192.168.100.4,TCP,46736,22,PA,142,ssh_brute_force
1745350872.626712,192.168.100.5,192.168.100.4,TCP,46716,22,PA,142,ssh_brute_force
1745350872.626742,192.168.100.4,192.168.100.5,TCP,22,46736,A,66,ssh_brute_force
1745350872.626924,192.168.100.4,192.168.100.5,TCP,22,46716,A,66,ssh_brute_force
1745350874.275651,192.168.100.4,192.168.100.5,TCP,22,46748,PA,118,ssh_brute_force
1745350874.278220,192.168.100.5,192.168.100.4,TCP,46748,22,PA,150,ssh_brute_force
1745350874.278248,192.168.100.4,192.168.100.5,TCP,22,46748,A,66,ssh_brute_force
1745350875.932050,192.168.100.4,192.168.100.5,TCP,22,46718,PA,118,ssh_brute_force
1745350875.933481,192.168.100.5,192.168.100.4,TCP,46718,22,PA,142,ssh_brute_force
1745350875.933501,192.168.100.4,192.168.100.5,TCP,22,46718,A,66,ssh_brute_force
1745350875.978195,192.168.100.4,192.168.100.5,TCP,22,46736,PA,118,ssh_brute_force
1745350875.978608,192.168.100.4,192.168.100.5,TCP,22,46716,PA,118,ssh_brute_force
1745350875.979744,192.168.100.5,192.168.100.4,TCP,46736,22,PA,142,ssh_brute_force
1745350875.979763,192.168.100.4,192.168.100.5,TCP,22,46736,A,66,ssh_brute_force
1745350875.992781,192.168.100.5,192.168.100.4,TCP,46716,22,PA,142,ssh_brute_force
1745350875.992800,192.168.100.4,192.168.100.5,TCP,22,46716,A,66,ssh_brute_force
1745350877.630456,192.168.100.4,192.168.100.5,TCP,22,46748,PA,118,ssh_brute_force
1745350877.632288,192.168.100.5,192.168.100.4,TCP,46748,22,PA,150,ssh_brute_force
1745350877.632315,192.168.100.4,192.168.100.5,TCP,22,46748,A,66,ssh_brute_force
1745350879.284890,192.168.100.4,192.168.100.5,TCP,22,46718,PA,118,ssh_brute_force
1745350879.286687,192.168.100.5,192.168.100.4,TCP,46718,22,PA,142,ssh_brute_force
1745350879.286714,192.168.100.4,192.168.100.5,TCP,22,46718,A,66,ssh_brute_force
1745350879.331871,192.168.100.4,192.168.100.5,TCP,22,46736,PA,118,ssh_brute_force
1745350879.333754,192.168.100.5,192.168.100.4,TCP,46736,22,PA,142,ssh_brute_force
1745350879.333780,192.168.100.4,192.168.100.5,TCP,22,46736,A,66,ssh_brute_force
1745350879.344378,192.168.100.4,192.168.100.5,TCP,22,46716,PA,118,ssh_brute_force
1745350879.346088,192.168.100.5,192.168.100.4,TCP,46716,22,PA,150,ssh_brute_force
1745350879.346105,192.168.100.4,192.168.100.5,TCP,22,46716,A,66,ssh_brute_force
1745350880.984321,192.168.100.4,192.168.100.5,TCP,22,46748,PA,118,ssh_brute_force
1745350880.986393,192.168.100.5,192.168.100.4,TCP,46748,22,PA,150,ssh_brute_force
1745350880.986417,192.168.100.4,192.168.100.5,TCP,22,46748,A,66,ssh_brute_force
1745350882.639273,192.168.100.4,192.168.100.5,TCP,22,46718,PA,118,ssh_brute_force
1745350882.640931,192.168.100.5,192.168.100.4,TCP,46718,22,PA,142,ssh_brute_force
1745350882.640955,192.168.100.4,192.168.100.5,TCP,22,46718,A,66,ssh_brute_force
1745350882.666240,192.168.100.4,192.168.100.5,TCP,22,46748,PA,118,ssh_brute_force
1745350882.667896,192.168.100.5,192.168.100.4,TCP,46748,22,PA,142,ssh_brute_force
1745350882.667913,192.168.100.4,192.168.100.5,TCP,22,46748,A,66,ssh_brute_force
1745350882.686033,192.168.100.4,192.168.100.5,TCP,22,46736,PA,118,ssh_brute_force
1745350882.687545,192.168.100.5,192.168.100.4,TCP,46736,22,PA,142,ssh_brute_force
1745350882.687565,192.168.100.4,192.168.100.5,TCP,22,46736,A,66,ssh_brute_force
1745350882.697584,192.168.100.4,192.168.100.5,TCP,22,46716,PA,118,ssh_brute_force
1745350882.699237,192.168.100.5,192.168.100.4,TCP,46716,22,PA,142,ssh_brute_force
1745350882.699253,192.168.100.4,192.168.100.5,TCP,22,46716,A,66,ssh_brute_force
1745350885.993165,192.168.100.4,192.168.100.5,TCP,22,46718,PA,118,ssh_brute_force
1745350885.994939,192.168.100.5,192.168.100.4,TCP,46718,22,PA,150,ssh_brute_force
1745350885.994957,192.168.100.4,192.168.100.5,TCP,22,46718,A,66,ssh_brute_force
1745350886.019053,192.168.100.4,192.168.100.5,TCP,22,46748,PA,118,ssh_brute_force
1745350886.020460,192.168.100.5,192.168.100.4,TCP,46748,22,PA,142,ssh_brute_force
1745350886.020498,192.168.100.4,192.168.100.5,TCP,22,46748,A,66,ssh_brute_force
1745350886.038849,192.168.100.4,192.168.100.5,TCP,22,46736,PA,118,ssh_brute_force
1745350886.040150,192.168.100.5,192.168.100.4,TCP,46736,22,PA,142,ssh_brute_force
1745350886.040167,192.168.100.4,192.168.100.5,TCP,22,46736,A,66,ssh_brute_force
1745350886.050316,192.168.100.4,192.168.100.5,TCP,22,46716,PA,118,ssh_brute_force
1745350886.051435,192.168.100.5,192.168.100.4,TCP,46716,22,PA,142,ssh_brute_force
1745350886.051449,192.168.100.4,192.168.100.5,TCP,22,46716,A,66,ssh_brute_force
1745350889.346412,192.168.100.4,192.168.100.5,TCP,22,46718,PA,118,ssh_brute_force
1745350889.348179,192.168.100.5,192.168.100.4,TCP,46718,22,PA,142,ssh_brute_force
1745350889.348203,192.168.100.4,192.168.100.5,TCP,22,46718,A,66,ssh_brute_force
1745350889.371675,192.168.100.4,192.168.100.5,TCP,22,46748,PA,118,ssh_brute_force
1745350889.373131,192.168.100.5,192.168.100.4,TCP,46748,22,PA,142,ssh_brute_force
1745350889.373153,192.168.100.4,192.168.100.5,TCP,22,46748,A,66,ssh_brute_force
1745350889.392414,192.168.100.4,192.168.100.5,TCP,22,46736,PA,118,ssh_brute_force
1745350889.394053,192.168.100.5,192.168.100.4,TCP,46736,22,PA,142,ssh_brute_force
1745350889.394070,192.168.100.4,192.168.100.5,TCP,22,46736,A,66,ssh_brute_force
1745350889.402949,192.168.100.4,192.168.100.5,TCP,22,46716,PA,118,ssh_brute_force
1745350889.404200,192.168.100.5,192.168.100.4,TCP,46716,22,PA,150,ssh_brute_force
1745350889.404218,192.168.100.4,192.168.100.5,TCP,22,46716,A,66,ssh_brute_force
1745350891.082503,192.168.100.4,192.168.100.5,TCP,22,46716,PA,118,ssh_brute_force
1745350891.083954,192.168.100.5,192.168.100.4,TCP,46716,22,PA,142,ssh_brute_force
1745350891.083979,192.168.100.4,192.168.100.5,TCP,22,46716,A,66,ssh_brute_force
1745350892.700322,192.168.100.4,192.168.100.5,TCP,22,46718,PA,118,ssh_brute_force
1745350892.702471,192.168.100.5,192.168.100.4,TCP,46718,22,PA,150,ssh_brute_force
1745350892.702495,192.168.100.4,192.168.100.5,TCP,22,46718,A,66,ssh_brute_force
1745350892.724771,192.168.100.4,192.168.100.5,TCP,22,46748,PA,118,ssh_brute_force
1745350892.726231,192.168.100.5,192.168.100.4,TCP,46748,22,PA,142,ssh_brute_force
1745350892.726247,192.168.100.4,192.168.100.5,TCP,22,46748,A,66,ssh_brute_force
1745350892.745451,192.168.100.4,192.168.100.5,TCP,22,46736,PA,118,ssh_brute_force
1745350892.746776,192.168.100.5,192.168.100.4,TCP,46736,22,PA,150,ssh_brute_force
1745350892.746793,192.168.100.4,192.168.100.5,TCP,22,46736,A,66,ssh_brute_force
1745350894.436231,192.168.100.4,192.168.100.5,TCP,22,46716,PA,118,ssh_brute_force
1745350894.438548,192.168.100.5,192.168.100.4,TCP,46716,22,PA,142,ssh_brute_force
1745350894.438577,192.168.100.4,192.168.100.5,TCP,22,46716,A,66,ssh_brute_force
1745350896.054148,192.168.100.4,192.168.100.5,TCP,22,46718,PA,118,ssh_brute_force
1745350896.055856,192.168.100.5,192.168.100.4,TCP,46718,22,PA,142,ssh_brute_force
1745350896.055884,192.168.100.4,192.168.100.5,TCP,22,46718,A,66,ssh_brute_force
1745350896.078463,192.168.100.4,192.168.100.5,TCP,22,46748,PA,118,ssh_brute_force
1745350896.079584,192.168.100.5,192.168.100.4,TCP,46748,22,PA,142,ssh_brute_force
1745350896.079607,192.168.100.4,192.168.100.5,TCP,22,46748,A,66,ssh_brute_force
1745350896.099388,192.168.100.4,192.168.100.5,TCP,22,46736,PA,118,ssh_brute_force
1745350896.101409,192.168.100.5,192.168.100.4,TCP,46736,22,PA,142,ssh_brute_force
1745350896.101430,192.168.100.4,192.168.100.5,TCP,22,46736,A,66,ssh_brute_force
1745350897.790348,192.168.100.4,192.168.100.5,TCP,22,46716,PA,118,ssh_brute_force
1745350897.792302,192.168.100.5,192.168.100.4,TCP,46716,22,PA,142,ssh_brute_force
1745350897.792326,192.168.100.4,192.168.100.5,TCP,22,46716,A,66,ssh_brute_force
1745350899.407998,192.168.100.4,192.168.100.5,TCP,22,46718,PA,118,ssh_brute_force
1745350899.410380,192.168.100.5,192.168.100.4,TCP,46718,22,PA,142,ssh_brute_force
1745350899.410404,192.168.100.4,192.168.100.5,TCP,22,46718,A,66,ssh_brute_force
1745350899.431491,192.168.100.4,192.168.100.5,TCP,22,46748,PA,118,ssh_brute_force
1745350899.433300,192.168.100.5,192.168.100.4,TCP,46748,22,PA,142,ssh_brute_force
1745350899.433320,192.168.100.4,192.168.100.5,TCP,22,46748,A,66,ssh_brute_force
1745350899.454142,192.168.100.4,192.168.100.5,TCP,22,46736,PA,118,ssh_brute_force
1745350899.455688,192.168.100.5,192.168.100.4,TCP,46736,22,PA,142,ssh_brute_force
1745350899.455706,192.168.100.4,192.168.100.5,TCP,22,46736,A,66,ssh_brute_force
1745350901.109407,192.168.100.4,192.168.100.5,TCP,22,46748,PA,118,ssh_brute_force
1745350901.111162,192.168.100.5,192.168.100.4,TCP,46748,22,PA,142,ssh_brute_force
1745350901.111186,192.168.100.4,192.168.100.5,TCP,22,46748,A,66,ssh_brute_force
1745350901.143793,192.168.100.4,192.168.100.5,TCP,22,46716,PA,118,ssh_brute_force
1745350901.145741,192.168.100.5,192.168.100.4,TCP,46716,22,PA,142,ssh_brute_force
1745350901.145762,192.168.100.4,192.168.100.5,TCP,22,46716,A,66,ssh_brute_force
1745350902.761642,192.168.100.4,192.168.100.5,TCP,22,46718,PA,118,ssh_brute_force
1745350902.763301,192.168.100.5,192.168.100.4,TCP,46718,22,PA,142,ssh_brute_force
1745350902.763322,192.168.100.4,192.168.100.5,TCP,22,46718,A,66,ssh_brute_force
1745350902.807934,192.168.100.4,192.168.100.5,TCP,22,46736,PA,118,ssh_brute_force
1745350902.809530,192.168.100.5,192.168.100.4,TCP,46736,22,PA,142,ssh_brute_force
1745350902.809557,192.168.100.4,192.168.100.5,TCP,22,46736,A,66,ssh_brute_force
1745350904.465447,192.168.100.4,192.168.100.5,TCP,22,46748,PA,118,ssh_brute_force
1745350904.466652,192.168.100.5,192.168.100.4,TCP,46748,22,PA,150,ssh_brute_force
1745350904.466671,192.168.100.4,192.168.100.5,TCP,22,46748,A,66,ssh_brute_force
1745350904.497441,192.168.100.4,192.168.100.5,TCP,22,46716,PA,118,ssh_brute_force
1745350904.499264,192.168.100.5,192.168.100.4,TCP,46716,22,PA,142,ssh_brute_force
1745350904.499290,192.168.100.4,192.168.100.5,TCP,22,46716,A,66,ssh_brute_force
1745350906.115222,192.168.100.4,192.168.100.5,TCP,22,46718,PA,118,ssh_brute_force
1745350906.117306,192.168.100.5,192.168.100.4,TCP,46718,22,PA,142,ssh_brute_force
1745350906.117334,192.168.100.4,192.168.100.5,TCP,22,46718,A,66,ssh_brute_force
1745350906.161288,192.168.100.4,192.168.100.5,TCP,22,46736,PA,118,ssh_brute_force
1745350906.162798,192.168.100.5,192.168.100.4,TCP,46736,22,PA,150,ssh_brute_force
1745350906.162844,192.168.100.4,192.168.100.5,TCP,22,46736,A,66,ssh_brute_force
1745350907.818353,192.168.100.4,192.168.100.5,TCP,22,46748,PA,118,ssh_brute_force
1745350907.819591,192.168.100.5,192.168.100.4,TCP,46748,22,PA,150,ssh_brute_force
1745350907.819612,192.168.100.4,192.168.100.5,TCP,22,46748,A,66,ssh_brute_force
1745350907.851877,192.168.100.4,192.168.100.5,TCP,22,46716,PA,118,ssh_brute_force
1745350907.893145,192.168.100.5,192.168.100.4,TCP,46716,22,A,66,ssh_brute_force
1745350907.965520,192.168.100.5,192.168.100.4,TCP,46716,22,PA,150,ssh_brute_force
1745350907.965627,192.168.100.4,192.168.100.5,TCP,22,46716,A,66,ssh_brute_force
1745350909.468820,192.168.100.4,192.168.100.5,TCP,22,46718,PA,118,ssh_brute_force
1745350909.470564,192.168.100.5,192.168.100.4,TCP,46718,22,PA,150,ssh_brute_force
1745350909.470592,192.168.100.4,192.168.100.5,TCP,22,46718,A,66,ssh_brute_force
1745350909.496069,192.168.100.4,192.168.100.5,TCP,22,46748,PA,118,ssh_brute_force
1745350909.497980,192.168.100.5,192.168.100.4,TCP,46748,22,PA,142,ssh_brute_force
1745350909.498004,192.168.100.4,192.168.100.5,TCP,22,46748,A,66,ssh_brute_force
1745350909.514477,192.168.100.4,192.168.100.5,TCP,22,46736,PA,118,ssh_brute_force
1745350909.515844,192.168.100.5,192.168.100.4,TCP,46736,22,PA,142,ssh_brute_force
1745350909.515863,192.168.100.4,192.168.100.5,TCP,22,46736,A,66,ssh_brute_force
1745350911.318909,192.168.100.4,192.168.100.5,TCP,22,46716,PA,118,ssh_brute_force
1745350911.320208,192.168.100.5,192.168.100.4,TCP,46716,22,A,66,ssh_brute_force
1745350911.321151,192.168.100.5,192.168.100.4,TCP,46716,22,PA,142,ssh_brute_force
1745350911.321169,192.168.100.4,192.168.100.5,TCP,22,46716,A,66,ssh_brute_force
1745350912.829934,192.168.100.4,192.168.100.5,TCP,22,46718,PA,118,ssh_brute_force
1745350912.832215,192.168.100.5,192.168.100.4,TCP,46718,22,PA,142,ssh_brute_force
1745350912.832244,192.168.100.4,192.168.100.5,TCP,22,46718,A,66,ssh_brute_force
1745350912.850146,192.168.100.4,192.168.100.5,TCP,22,46748,PA,118,ssh_brute_force
1745350912.851949,192.168.100.5,192.168.100.4,TCP,46748,22,PA,142,ssh_brute_force
1745350912.851974,192.168.100.4,192.168.100.5,TCP,22,46748,A,66,ssh_brute_force
1745350912.867877,192.168.100.4,192.168.100.5,TCP,22,46736,PA,118,ssh_brute_force
1745350912.869129,192.168.100.5,192.168.100.4,TCP,46736,22,PA,142,ssh_brute_force
1745350912.869146,192.168.100.4,192.168.100.5,TCP,22,46736,A,66,ssh_brute_force
1745350914.672760,192.168.100.4,192.168.100.5,TCP,22,46716,PA,118,ssh_brute_force
1745350914.674419,192.168.100.5,192.168.100.4,TCP,46716,22,PA,150,ssh_brute_force
1745350914.674442,192.168.100.4,192.168.100.5,TCP,22,46716,A,66,ssh_brute_force
1745350916.207417,192.168.100.4,192.168.100.5,TCP,22,46748,PA,118,ssh_brute_force
1745350916.209718,192.168.100.5,192.168.100.4,TCP,46748,22,PA,142,ssh_brute_force
1745350916.209747,192.168.100.4,192.168.100.5,TCP,22,46748,A,66,ssh_brute_force
1745350916.232986,192.168.100.4,192.168.100.5,TCP,22,46718,PA,118,ssh_brute_force
1745350916.233093,192.168.100.4,192.168.100.5,TCP,22,46736,PA,118,ssh_brute_force
1745350916.234614,192.168.100.5,192.168.100.4,TCP,46736,22,PA,142,ssh_brute_force
1745350916.234634,192.168.100.4,192.168.100.5,TCP,22,46736,A,66,ssh_brute_force
1745350916.235364,192.168.100.5,192.168.100.4,TCP,46718,22,PA,150,ssh_brute_force
1745350916.235378,192.168.100.4,192.168.100.5,TCP,22,46718,A,66,ssh_brute_force
1745350917.913025,192.168.100.4,192.168.100.5,TCP,22,46736,PA,118,ssh_brute_force
1745350917.914699,192.168.100.5,192.168.100.4,TCP,46736,22,PA,142,ssh_brute_force
1745350917.914720,192.168.100.4,192.168.100.5,TCP,22,46736,A,66,ssh_brute_force
1745350918.030942,192.168.100.4,192.168.100.5,TCP,22,46716,PA,118,ssh_brute_force
1745350918.032822,192.168.100.5,192.168.100.4,TCP,46716,22,PA,142,ssh_brute_force
1745350918.032847,192.168.100.4,192.168.100.5,TCP,22,46716,A,66,ssh_brute_force
1745350919.565766,192.168.100.4,192.168.100.5,TCP,22,46748,PA,118,ssh_brute_force
1745350919.568196,192.168.100.5,192.168.100.4,TCP,46748,22,PA,142,ssh_brute_force
1745350919.568224,192.168.100.4,192.168.100.5,TCP,22,46748,A,66,ssh_brute_force
1745350919.587181,192.168.100.4,192.168.100.5,TCP,22,46718,PA,118,ssh_brute_force
1745350919.588390,192.168.100.5,192.168.100.4,TCP,46718,22,PA,142,ssh_brute_force
1745350919.588406,192.168.100.4,192.168.100.5,TCP,22,46718,A,66,ssh_brute_force
1745350921.244957,192.168.100.4,192.168.100.5,TCP,22,46748,PA,118,ssh_brute_force
1745350921.246560,192.168.100.5,192.168.100.4,TCP,46748,22,PA,142,ssh_brute_force
1745350921.246583,192.168.100.4,192.168.100.5,TCP,22,46748,A,66,ssh_brute_force
1745350921.264619,192.168.100.4,192.168.100.5,TCP,22,46718,PA,118,ssh_brute_force
1745350921.265877,192.168.100.5,192.168.100.4,TCP,46718,22,PA,150,ssh_brute_force
1745350921.265894,192.168.100.4,192.168.100.5,TCP,22,46718,A,66,ssh_brute_force
1745350921.266275,192.168.100.4,192.168.100.5,TCP,22,46736,PA,118,ssh_brute_force
1745350921.276420,192.168.100.5,192.168.100.4,TCP,46736,22,PA,150,ssh_brute_force
1745350921.276443,192.168.100.4,192.168.100.5,TCP,22,46736,A,66,ssh_brute_force
1745350921.386881,192.168.100.4,192.168.100.5,TCP,22,46716,PA,118,ssh_brute_force
1745350921.389053,192.168.100.5,192.168.100.4,TCP,46716,22,PA,142,ssh_brute_force
1745350921.389082,192.168.100.4,192.168.100.5,TCP,22,46716,A,66,ssh_brute_force
1745350924.598484,192.168.100.4,192.168.100.5,TCP,22,46748,PA,118,ssh_brute_force
1745350924.600008,192.168.100.5,192.168.100.4,TCP,46748,22,PA,142,ssh_brute_force
1745350924.600029,192.168.100.4,192.168.100.5,TCP,22,46748,A,66,ssh_brute_force
1745350924.617663,192.168.100.4,192.168.100.5,TCP,22,46718,PA,118,ssh_brute_force
1745350924.619247,192.168.100.5,192.168.100.4,TCP,46718,22,PA,150,ssh_brute_force
1745350924.619263,192.168.100.4,192.168.100.5,TCP,22,46718,A,66,ssh_brute_force
1745350924.654815,192.168.100.4,192.168.100.5,TCP,22,46736,PA,118,ssh_brute_force
1745350924.656047,192.168.100.5,192.168.100.4,TCP,46736,22,PA,142,ssh_brute_force
1745350924.656068,192.168.100.4,192.168.100.5,TCP,22,46736,A,66,ssh_brute_force
1745350924.740597,192.168.100.4,192.168.100.5,TCP,22,46716,PA,118,ssh_brute_force
1745350924.742133,192.168.100.5,192.168.100.4,TCP,46716,22,PA,142,ssh_brute_force
1745350924.742154,192.168.100.4,192.168.100.5,TCP,22,46716,A,66,ssh_brute_force
1745350926.295251,192.168.100.4,192.168.100.5,TCP,22,46718,PA,118,ssh_brute_force
1745350926.297785,192.168.100.5,192.168.100.4,TCP,46718,22,PA,142,ssh_brute_force
1745350926.297829,192.168.100.4,192.168.100.5,TCP,22,46718,A,66,ssh_brute_force
1745350927.952718,192.168.100.4,192.168.100.5,TCP,22,46748,PA,118,ssh_brute_force
1745350927.954942,192.168.100.5,192.168.100.4,TCP,46748,22,PA,150,ssh_brute_force
1745350927.954971,192.168.100.4,192.168.100.5,TCP,22,46748,A,66,ssh_brute_force
1745350928.007723,192.168.100.4,192.168.100.5,TCP,22,46736,PA,118,ssh_brute_force
1745350928.008981,192.168.100.5,192.168.100.4,TCP,46736,22,PA,142,ssh_brute_force
1745350928.009000,192.168.100.4,192.168.100.5,TCP,22,46736,A,66,ssh_brute_force
1745350928.093746,192.168.100.4,192.168.100.5,TCP,22,46716,PA,118,ssh_brute_force
1745350928.095111,192.168.100.5,192.168.100.4,TCP,46716,22,PA,142,ssh_brute_force
1745350928.095136,192.168.100.4,192.168.100.5,TCP,22,46716,A,66,ssh_brute_force
1745350929.655990,192.168.100.4,192.168.100.5,TCP,22,46718,PA,118,ssh_brute_force
1745350929.658333,192.168.100.5,192.168.100.4,TCP,46718,22,PA,150,ssh_brute_force
1745350929.658358,192.168.100.4,192.168.100.5,TCP,22,46718,A,66,ssh_brute_force
1745350931.325361,192.168.100.4,192.168.100.5,TCP,22,46748,PA,118,ssh_brute_force
1745350931.327448,192.168.100.5,192.168.100.4,TCP,46748,22,PA,142,ssh_brute_force
1745350931.327472,192.168.100.4,192.168.100.5,TCP,22,46748,A,66,ssh_brute_force
1745350931.360567,192.168.100.4,192.168.100.5,TCP,22,46736,PA,118,ssh_brute_force
1745350931.361860,192.168.100.5,192.168.100.4,TCP,46736,22,PA,142,ssh_brute_force
1745350931.361883,192.168.100.4,192.168.100.5,TCP,22,46736,A,66,ssh_brute_force
1745350931.446895,192.168.100.4,192.168.100.5,TCP,22,46716,PA,118,ssh_brute_force
1745350931.448241,192.168.100.5,192.168.100.4,TCP,46716,22,PA,142,ssh_brute_force
1745350931.448263,192.168.100.4,192.168.100.5,TCP,22,46716,A,66,ssh_brute_force
1745350933.013500,192.168.100.4,192.168.100.5,TCP,22,46718,PA,118,ssh_brute_force
1745350933.015749,192.168.100.5,192.168.100.4,TCP,46718,22,PA,142,ssh_brute_force
1745350933.015774,192.168.100.4,192.168.100.5,TCP,22,46718,A,66,ssh_brute_force
1745350934.701366,192.168.100.4,192.168.100.5,TCP,22,46748,PA,118,ssh_brute_force
1745350934.702557,192.168.100.5,192.168.100.4,TCP,46748,22,PA,150,ssh_brute_force
1745350934.702579,192.168.100.4,192.168.100.5,TCP,22,46748,A,66,ssh_brute_force
1745350934.713294,192.168.100.4,192.168.100.5,TCP,22,46736,PA,118,ssh_brute_force
1745350934.714573,192.168.100.5,192.168.100.4,TCP,46736,22,PA,142,ssh_brute_force
1745350934.714593,192.168.100.4,192.168.100.5,TCP,22,46736,A,66,ssh_brute_force
1745350934.800403,192.168.100.4,192.168.100.5,TCP,22,46716,PA,118,ssh_brute_force
1745350934.801944,192.168.100.5,192.168.100.4,TCP,46716,22,PA,150,ssh_brute_force
1745350934.801968,192.168.100.4,192.168.100.5,TCP,22,46716,A,66,ssh_brute_force
1745350936.367745,192.168.100.4,192.168.100.5,TCP,22,46718,PA,118,ssh_brute_force
1745350936.369242,192.168.100.5,192.168.100.4,TCP,46718,22,PA,142,ssh_brute_force
1745350936.369264,192.168.100.4,192.168.100.5,TCP,22,46718,A,66,ssh_brute_force
1745350936.390577,192.168.100.4,192.168.100.5,TCP,22,46736,PA,118,ssh_brute_force
1745350936.392061,192.168.100.5,192.168.100.4,TCP,46736,22,PA,142,ssh_brute_force
1745350936.392082,192.168.100.4,192.168.100.5,TCP,22,46736,A,66,ssh_brute_force
1745350938.054573,192.168.100.4,192.168.100.5,TCP,22,46748,PA,118,ssh_brute_force
1745350938.056641,192.168.100.5,192.168.100.4,TCP,46748,22,PA,142,ssh_brute_force
1745350938.056666,192.168.100.4,192.168.100.5,TCP,22,46748,A,66,ssh_brute_force
1745350938.153543,192.168.100.4,192.168.100.5,TCP,22,46716,PA,118,ssh_brute_force
1745350938.155181,192.168.100.5,192.168.100.4,TCP,46716,22,PA,142,ssh_brute_force
1745350938.155204,192.168.100.4,192.168.100.5,TCP,22,46716,A,66,ssh_brute_force
1745350939.721464,192.168.100.4,192.168.100.5,TCP,22,46718,PA,118,ssh_brute_force
1745350939.723458,192.168.100.5,192.168.100.4,TCP,46718,22,PA,142,ssh_brute_force
1745350939.723486,192.168.100.4,192.168.100.5,TCP,22,46718,A,66,ssh_brute_force
1745350939.743379,192.168.100.4,192.168.100.5,TCP,22,46736,PA,118,ssh_brute_force
1745350939.744565,192.168.100.5,192.168.100.4,TCP,46736,22,PA,142,ssh_brute_force
1745350939.744582,192.168.100.4,192.168.100.5,TCP,22,46736,A,66,ssh_brute_force
1745350941.408048,192.168.100.4,192.168.100.5,TCP,22,46748,PA,118,ssh_brute_force
1745350941.410106,192.168.100.5,192.168.100.4,TCP,46748,22,PA,142,ssh_brute_force
1745350941.410133,192.168.100.4,192.168.100.5,TCP,22,46748,A,66,ssh_brute_force
1745350941.507338,192.168.100.4,192.168.100.5,TCP,22,46716,PA,118,ssh_brute_force
1745350941.509411,192.168.100.5,192.168.100.4,TCP,46716,22,PA,150,ssh_brute_force
1745350941.509436,192.168.100.4,192.168.100.5,TCP,22,46716,A,66,ssh_brute_force
1745350943.077690,192.168.100.4,192.168.100.5,TCP,22,46718,PA,118,ssh_brute_force
1745350943.079747,192.168.100.5,192.168.100.4,TCP,46718,22,PA,142,ssh_brute_force
1745350943.079775,192.168.100.4,192.168.100.5,TCP,22,46718,A,66,ssh_brute_force
1745350943.112306,192.168.100.4,192.168.100.5,TCP,22,46736,PA,118,ssh_brute_force
1745350943.114403,192.168.100.5,192.168.100.4,TCP,46736,22,PA,142,ssh_brute_force
1745350943.114431,192.168.100.4,192.168.100.5,TCP,22,46736,A,66,ssh_brute_force
1745350944.761989,192.168.100.4,192.168.100.5,TCP,22,46748,PA,118,ssh_brute_force
1745350944.763635,192.168.100.5,192.168.100.4,TCP,46748,22,PA,150,ssh_brute_force
1745350944.763660,192.168.100.4,192.168.100.5,TCP,22,46748,A,66,ssh_brute_force
1745350944.790924,192.168.100.4,192.168.100.5,TCP,22,46736,PA,118,ssh_brute_force
1745350944.792280,192.168.100.5,192.168.100.4,TCP,46736,22,PA,142,ssh_brute_force
1745350944.792300,192.168.100.4,192.168.100.5,TCP,22,46736,A,66,ssh_brute_force
1745350944.861256,192.168.100.4,192.168.100.5,TCP,22,46716,PA,118,ssh_brute_force
1745350944.863214,192.168.100.5,192.168.100.4,TCP,46716,22,PA,142,ssh_brute_force
1745350944.863238,192.168.100.4,192.168.100.5,TCP,22,46716,A,66,ssh_brute_force
1745350946.431135,192.168.100.4,192.168.100.5,TCP,22,46718,PA,118,ssh_brute_force
1745350946.432348,192.168.100.5,192.168.100.4,TCP,46718,22,PA,142,ssh_brute_force
1745350946.432367,192.168.100.4,192.168.100.5,TCP,22,46718,A,66,ssh_brute_force
1745350948.116308,192.168.100.4,192.168.100.5,TCP,22,46748,PA,118,ssh_brute_force
1745350948.118441,192.168.100.5,192.168.100.4,TCP,46748,22,PA,142,ssh_brute_force
1745350948.118464,192.168.100.4,192.168.100.5,TCP,22,46748,A,66,ssh_brute_force
1745350948.144087,192.168.100.4,192.168.100.5,TCP,22,46736,PA,118,ssh_brute_force
1745350948.146364,192.168.100.5,192.168.100.4,TCP,46736,22,PA,142,ssh_brute_force
1745350948.146390,192.168.100.4,192.168.100.5,TCP,22,46736,A,66,ssh_brute_force
1745350948.215059,192.168.100.4,192.168.100.5,TCP,22,46716,PA,118,ssh_brute_force
1745350948.216901,192.168.100.5,192.168.100.4,TCP,46716,22,PA,142,ssh_brute_force
1745350948.216937,192.168.100.4,192.168.100.5,TCP,22,46716,A,66,ssh_brute_force
1745350949.783932,192.168.100.4,192.168.100.5,TCP,22,46718,PA,118,ssh_brute_force
1745350949.785102,192.168.100.5,192.168.100.4,TCP,46718,22,PA,142,ssh_brute_force
1745350949.785120,192.168.100.4,192.168.100.5,TCP,22,46718,A,66,ssh_brute_force
1745350951.543489,192.168.100.4,192.168.100.5,TCP,22,46748,PA,118,ssh_brute_force
1745350951.543615,192.168.100.4,192.168.100.5,TCP,22,46736,PA,118,ssh_brute_force
1745350951.545547,192.168.100.5,192.168.100.4,TCP,46748,22,PA,142,ssh_brute_force
1745350951.545571,192.168.100.4,192.168.100.5,TCP,22,46748,A,66,ssh_brute_force
1745350951.546770,192.168.100.5,192.168.100.4,TCP,46736,22,PA,142,ssh_brute_force
1745350951.546788,192.168.100.4,192.168.100.5,TCP,22,46736,A,66,ssh_brute_force
1745350951.569364,192.168.100.4,192.168.100.5,TCP,22,46716,PA,118,ssh_brute_force
1745350951.570694,192.168.100.5,192.168.100.4,TCP,46716,22,PA,142,ssh_brute_force
1745350951.570713,192.168.100.4,192.168.100.5,TCP,22,46716,A,66,ssh_brute_force
1745350953.137515,192.168.100.4,192.168.100.5,TCP,22,46718,PA,118,ssh_brute_force
1745350953.138847,192.168.100.5,192.168.100.4,TCP,46718,22,PA,142,ssh_brute_force
1745350953.138867,192.168.100.4,192.168.100.5,TCP,22,46718,A,66,ssh_brute_force
1745350953.223049,192.168.100.4,192.168.100.5,TCP,22,46736,PA,118,ssh_brute_force
1745350953.225001,192.168.100.5,192.168.100.4,TCP,46736,22,PA,142,ssh_brute_force
1745350953.225057,192.168.100.4,192.168.100.5,TCP,22,46736,A,66,ssh_brute_force
1745350954.897268,192.168.100.4,192.168.100.5,TCP,22,46748,PA,118,ssh_brute_force
1745350954.898611,192.168.100.5,192.168.100.4,TCP,46748,22,PA,142,ssh_brute_force
1745350954.898630,192.168.100.4,192.168.100.5,TCP,22,46748,A,66,ssh_brute_force
1745350954.922721,192.168.100.4,192.168.100.5,TCP,22,46716,PA,118,ssh_brute_force
1745350954.924163,192.168.100.5,192.168.100.4,TCP,46716,22,PA,142,ssh_brute_force
1745350954.924182,192.168.100.4,192.168.100.5,TCP,22,46716,A,66,ssh_brute_force
1745350956.490364,192.168.100.4,192.168.100.5,TCP,22,46718,PA,118,ssh_brute_force
1745350956.491599,192.168.100.5,192.168.100.4,TCP,46718,22,PA,142,ssh_brute_force
1745350956.491623,192.168.100.4,192.168.100.5,TCP,22,46718,A,66,ssh_brute_force
1745350956.577017,192.168.100.4,192.168.100.5,TCP,22,46736,PA,118,ssh_brute_force
1745350956.579001,192.168.100.5,192.168.100.4,TCP,46736,22,PA,150,ssh_brute_force
1745350956.579025,192.168.100.4,192.168.100.5,TCP,22,46736,A,66,ssh_brute_force
1745350956.600026,192.168.100.4,192.168.100.5,TCP,22,46716,PA,118,ssh_brute_force
1745350956.601400,192.168.100.5,192.168.100.4,TCP,46716,22,PA,142,ssh_brute_force
1745350956.601421,192.168.100.4,192.168.100.5,TCP,22,46716,A,66,ssh_brute_force
1745350958.250112,192.168.100.4,192.168.100.5,TCP,22,46748,PA,118,ssh_brute_force
1745350958.251384,192.168.100.5,192.168.100.4,TCP,46748,22,PA,142,ssh_brute_force
1745350958.251403,192.168.100.4,192.168.100.5,TCP,22,46748,A,66,ssh_brute_force
1745350958.255597,192.168.100.4,192.168.100.5,TCP,22,46736,PA,118,ssh_brute_force
1745350958.264016,192.168.100.5,192.168.100.4,TCP,46736,22,PA,150,ssh_brute_force
1745350958.264041,192.168.100.4,192.168.100.5,TCP,22,46736,A,66,ssh_brute_force
1745350959.843227,192.168.100.4,192.168.100.5,TCP,22,46718,PA,118,ssh_brute_force
1745350959.844504,192.168.100.5,192.168.100.4,TCP,46718,22,PA,150,ssh_brute_force
1745350959.844523,192.168.100.4,192.168.100.5,TCP,22,46718,A,66,ssh_brute_force
1745350959.953537,192.168.100.4,192.168.100.5,TCP,22,46716,PA,118,ssh_brute_force
1745350959.954868,192.168.100.5,192.168.100.4,TCP,46716,22,PA,150,ssh_brute_force
1745350959.954889,192.168.100.4,192.168.100.5,TCP,22,46716,A,66,ssh_brute_force
1745350959.955719,192.168.100.4,192.168.100.5,TCP,22,46736,PA,118,ssh_brute_force
1745350959.965145,192.168.100.5,192.168.100.4,TCP,46736,22,PA,142,ssh_brute_force
1745350959.965174,192.168.100.4,192.168.100.5,TCP,22,46736,A,66,ssh_brute_force
1745350961.607335,192.168.100.4,192.168.100.5,TCP,22,46748,PA,118,ssh_brute_force
1745350961.610177,192.168.100.5,192.168.100.4,TCP,46748,22,PA,150,ssh_brute_force
1745350961.610211,192.168.100.4,192.168.100.5,TCP,22,46748,A,66,ssh_brute_force
1745350963.196386,192.168.100.4,192.168.100.5,TCP,22,46718,PA,118,ssh_brute_force
1745350963.197608,192.168.100.5,192.168.100.4,TCP,46718,22,PA,142,ssh_brute_force
1745350963.197626,192.168.100.4,192.168.100.5,TCP,22,46718,A,66,ssh_brute_force
1745350963.306816,192.168.100.4,192.168.100.5,TCP,22,46716,PA,118,ssh_brute_force
1745350963.308320,192.168.100.5,192.168.100.4,TCP,46716,22,PA,142,ssh_brute_force
1745350963.308350,192.168.100.4,192.168.100.5,TCP,22,46716,A,66,ssh_brute_force
1745350963.316833,192.168.100.4,192.168.100.5,TCP,22,46736,PA,118,ssh_brute_force
1745350963.319306,192.168.100.5,192.168.100.4,TCP,46736,22,PA,142,ssh_brute_force
1745350963.319321,192.168.100.4,192.168.100.5,TCP,22,46736,A,66,ssh_brute_force
1745350964.961712,192.168.100.4,192.168.100.5,TCP,22,46748,PA,118,ssh_brute_force
1745350964.963659,192.168.100.5,192.168.100.4,TCP,46748,22,PA,142,ssh_brute_force
1745350964.963687,192.168.100.4,192.168.100.5,TCP,22,46748,A,66,ssh_brute_force
1745350964.995257,192.168.100.4,192.168.100.5,TCP,22,46736,PA,118,ssh_brute_force
1745350964.996622,192.168.100.5,192.168.100.4,TCP,46736,22,PA,142,ssh_brute_force
1745350964.996648,192.168.100.4,192.168.100.5,TCP,22,46736,A,66,ssh_brute_force
1745350965.865864,192.168.100.4,192.168.100.5,TCP,22,46736,FA,66,ssh_brute_force
1745350965.866585,192.168.100.5,192.168.100.4,TCP,46736,22,FA,66,ssh_brute_force
1745350965.866701,192.168.100.4,192.168.100.5,TCP,22,46736,A,66,ssh_brute_force
1745350965.867488,192.168.100.5,192.168.100.4,TCP,56426,22,S,74,ssh_brute_force
1745350965.867522,192.168.100.4,192.168.100.5,TCP,22,56426,SA,74,ssh_brute_force
1745350965.868220,192.168.100.5,192.168.100.4,TCP,56426,22,A,66,ssh_brute_force
1745350965.868543,192.168.100.4,192.168.100.5,TCP,22,56426,PA,92,ssh_brute_force
1745350965.868845,192.168.100.5,192.168.100.4,TCP,56426,22,PA,89,ssh_brute_force
1745350965.869333,192.168.100.5,192.168.100.4,TCP,56426,22,A,66,ssh_brute_force
1745350965.869411,192.168.100.4,192.168.100.5,TCP,22,56426,A,66,ssh_brute_force
1745350965.869689,192.168.100.4,192.168.100.5,TCP,22,56426,RA,66,ssh_brute_force
1745350966.086688,192.168.100.5,192.168.100.4,TCP,56436,22,S,74,ssh_brute_force
1745350966.086757,192.168.100.4,192.168.100.5,TCP,22,56436,SA,74,ssh_brute_force
1745350966.087838,192.168.100.5,192.168.100.4,TCP,56436,22,A,66,ssh_brute_force
1745350966.087839,192.168.100.5,192.168.100.4,TCP,56436,22,PA,89,ssh_brute_force
1745350966.087905,192.168.100.4,192.168.100.5,TCP,22,56436,A,66,ssh_brute_force
1745350966.088826,192.168.100.4,192.168.100.5,TCP,22,56436,PA,92,ssh_brute_force
1745350966.089239,192.168.100.4,192.168.100.5,TCP,22,56436,RA,66,ssh_brute_force
1745350966.089859,192.168.100.5,192.168.100.4,TCP,56436,22,A,66,ssh_brute_force
1745350966.089883,192.168.100.4,192.168.100.5,TCP,22,56436,R,54,ssh_brute_force
1745350966.310859,192.168.100.5,192.168.100.4,TCP,56448,22,S,74,ssh_brute_force
1745350966.310904,192.168.100.4,192.168.100.5,TCP,22,56448,SA,74,ssh_brute_force
1745350966.311448,192.168.100.5,192.168.100.4,TCP,56448,22,A,66,ssh_brute_force
1745350966.311786,192.168.100.4,192.168.100.5,TCP,22,56448,PA,92,ssh_brute_force
1745350966.311864,192.168.100.4,192.168.100.5,TCP,22,56448,FA,66,ssh_brute_force
1745350966.311917,192.168.100.5,192.168.100.4,TCP,56448,22,PA,89,ssh_brute_force
1745350966.311942,192.168.100.4,192.168.100.5,TCP,22,56448,R,54,ssh_brute_force
1745350966.312565,192.168.100.5,192.168.100.4,TCP,56448,22,A,66,ssh_brute_force
1745350966.312578,192.168.100.4,192.168.100.5,TCP,22,56448,R,54,ssh_brute_force
1745350966.537834,192.168.100.5,192.168.100.4,TCP,56454,22,S,74,ssh_brute_force
1745350966.537896,192.168.100.4,192.168.100.5,TCP,22,56454,SA,74,ssh_brute_force
1745350966.538766,192.168.100.5,192.168.100.4,TCP,56454,22,A,66,ssh_brute_force
1745350966.538766,192.168.100.5,192.168.100.4,TCP,56454,22,PA,89,ssh_brute_force
1745350966.538865,192.168.100.4,192.168.100.5,TCP,22,56454,A,66,ssh_brute_force
1745350966.539028,192.168.100.4,192.168.100.5,TCP,22,56454,PA,92,ssh_brute_force
1745350966.539111,192.168.100.4,192.168.100.5,TCP,22,56454,RA,66,ssh_brute_force
1745350966.539328,192.168.100.5,192.168.100.4,TCP,56454,22,A,66,ssh_brute_force
1745350966.539343,192.168.100.4,192.168.100.5,TCP,22,56454,R,54,ssh_brute_force
1745350966.550018,192.168.100.4,192.168.100.5,TCP,22,46718,PA,118,ssh_brute_force
1745350966.552517,192.168.100.5,192.168.100.4,TCP,46718,22,PA,142,ssh_brute_force
1745350966.552536,192.168.100.4,192.168.100.5,TCP,22,46718,A,66,ssh_brute_force
1745350966.563825,192.168.100.5,192.168.100.4,TCP,56464,22,S,74,ssh_brute_force
1745350966.563871,192.168.100.4,192.168.100.5,TCP,22,56464,SA,74,ssh_brute_force
1745350966.564482,192.168.100.5,192.168.100.4,TCP,56464,22,A,66,ssh_brute_force
1745350966.564782,192.168.100.4,192.168.100.5,TCP,22,56464,PA,92,ssh_brute_force
1745350966.565006,192.168.100.4,192.168.100.5,TCP,22,56464,FA,66,ssh_brute_force
1745350966.565142,192.168.100.5,192.168.100.4,TCP,56464,22,PA,89,ssh_brute_force
1745350966.565175,192.168.100.4,192.168.100.5,TCP,22,56464,R,54,ssh_brute_force
1745350966.565648,192.168.100.5,192.168.100.4,TCP,56464,22,A,66,ssh_brute_force
1745350966.565649,192.168.100.5,192.168.100.4,TCP,56464,22,FA,66,ssh_brute_force
1745350966.565666,192.168.100.4,192.168.100.5,TCP,22,56464,R,54,ssh_brute_force
1745350966.565746,192.168.100.4,192.168.100.5,TCP,22,56464,R,54,ssh_brute_force
1745350966.686368,192.168.100.4,192.168.100.5,TCP,22,46716,PA,118,ssh_brute_force
1745350966.691199,192.168.100.5,192.168.100.4,TCP,46716,22,PA,142,ssh_brute_force
1745350966.691243,192.168.100.4,192.168.100.5,TCP,22,46716,A,66,ssh_brute_force
1745350966.702454,192.168.100.5,192.168.100.4,TCP,56476,22,S,74,ssh_brute_force
1745350966.702493,192.168.100.4,192.168.100.5,TCP,22,56476,SA,74,ssh_brute_force
1745350966.703171,192.168.100.5,192.168.100.4,TCP,56476,22,A,66,ssh_brute_force
1745350966.703512,192.168.100.4,192.168.100.5,TCP,22,56476,PA,92,ssh_brute_force
1745350966.703600,192.168.100.4,192.168.100.5,TCP,22,56476,FA,66,ssh_brute_force
1745350966.703638,192.168.100.5,192.168.100.4,TCP,56476,22,PA,89,ssh_brute_force
1745350966.703698,192.168.100.4,192.168.100.5,TCP,22,56476,R,54,ssh_brute_force
1745350966.704521,192.168.100.5,192.168.100.4,TCP,56476,22,A,66,ssh_brute_force
1745350966.704550,192.168.100.4,192.168.100.5,TCP,22,56476,R,54,ssh_brute_force
1745350966.926468,192.168.100.5,192.168.100.4,TCP,56482,22,S,74,ssh_brute_force
1745350966.926518,192.168.100.4,192.168.100.5,TCP,22,56482,SA,74,ssh_brute_force
1745350966.927076,192.168.100.5,192.168.100.4,TCP,56482,22,A,66,ssh_brute_force
1745350966.927441,192.168.100.4,192.168.100.5,TCP,22,56482,PA,92,ssh_brute_force
1745350966.927517,192.168.100.4,192.168.100.5,TCP,22,56482,FA,66,ssh_brute_force
1745350966.927595,192.168.100.5,192.168.100.4,TCP,56482,22,PA,89,ssh_brute_force
1745350966.927619,192.168.100.4,192.168.100.5,TCP,22,56482,R,54,ssh_brute_force
1745350966.928345,192.168.100.5,192.168.100.4,TCP,56482,22,A,66,ssh_brute_force
1745350966.928362,192.168.100.4,192.168.100.5,TCP,22,56482,R,54,ssh_brute_force
1745350967.154082,192.168.100.5,192.168.100.4,TCP,56494,22,S,74,ssh_brute_force
1745350967.154140,192.168.100.4,192.168.100.5,TCP,22,56494,SA,74,ssh_brute_force
1745350967.154806,192.168.100.5,192.168.100.4,TCP,56494,22,A,66,ssh_brute_force
1745350967.155360,192.168.100.4,192.168.100.5,TCP,22,56494,PA,92,ssh_brute_force
1745350967.155463,192.168.100.4,192.168.100.5,TCP,22,56494,FA,66,ssh_brute_force
1745350967.155536,192.168.100.5,192.168.100.4,TCP,56494,22,PA,89,ssh_brute_force
1745350967.155566,192.168.100.4,192.168.100.5,TCP,22,56494,R,54,ssh_brute_force
1745350967.156334,192.168.100.5,192.168.100.4,TCP,56494,22,A,66,ssh_brute_force
1745350967.156334,192.168.100.5,192.168.100.4,TCP,56494,22,FA,66,ssh_brute_force
1745350967.156354,192.168.100.4,192.168.100.5,TCP,22,56494,R,54,ssh_brute_force
1745350967.156441,192.168.100.4,192.168.100.5,TCP,22,56494,R,54,ssh_brute_force
1745350967.383811,192.168.100.5,192.168.100.4,TCP,56496,22,S,74,ssh_brute_force
1745350967.383865,192.168.100.4,192.168.100.5,TCP,22,56496,SA,74,ssh_brute_force
1745350967.385303,192.168.100.5,192.168.100.4,TCP,56496,22,A,66,ssh_brute_force
1745350967.385304,192.168.100.5,192.168.100.4,TCP,56496,22,PA,89,ssh_brute_force
1745350967.385412,192.168.100.4,192.168.100.5,TCP,22,56496,A,66,ssh_brute_force
1745350967.385717,192.168.100.4,192.168.100.5,TCP,22,56496,PA,92,ssh_brute_force
1745350967.385804,192.168.100.4,192.168.100.5,TCP,22,56496,RA,66,ssh_brute_force
1745350967.386703,192.168.100.5,192.168.100.4,TCP,56496,22,A,66,ssh_brute_force
1745350967.386719,192.168.100.4,192.168.100.5,TCP,22,56496,R,54,ssh_brute_force
1745350967.610260,192.168.100.5,192.168.100.4,TCP,56510,22,S,74,ssh_brute_force
1745350967.610325,192.168.100.4,192.168.100.5,TCP,22,56510,SA,74,ssh_brute_force
1745350967.612484,192.168.100.5,192.168.100.4,TCP,56510,22,A,66,ssh_brute_force
1745350967.612485,192.168.100.5,192.168.100.4,TCP,56510,22,PA,89,ssh_brute_force
1745350967.612594,192.168.100.4,192.168.100.5,TCP,22,56510,A,66,ssh_brute_force
1745350967.612903,192.168.100.4,192.168.100.5,TCP,22,56510,PA,92,ssh_brute_force
1745350967.612994,192.168.100.4,192.168.100.5,TCP,22,56510,RA,66,ssh_brute_force
1745350967.613518,192.168.100.5,192.168.100.4,TCP,56510,22,A,66,ssh_brute_force
1745350967.613541,192.168.100.4,192.168.100.5,TCP,22,56510,R,54,ssh_brute_force
1745350967.624036,192.168.100.4,192.168.100.5,TCP,22,46748,FA,66,ssh_brute_force
1745350967.625527,192.168.100.5,192.168.100.4,TCP,46748,22,FA,66,ssh_brute_force
1745350967.625553,192.168.100.4,192.168.100.5,TCP,22,46748,A,66,ssh_brute_force
1745350967.626168,192.168.100.5,192.168.100.4,TCP,56512,22,S,74,ssh_brute_force
1745350967.626197,192.168.100.4,192.168.100.5,TCP,22,56512,SA,74,ssh_brute_force
1745350967.626887,192.168.100.5,192.168.100.4,TCP,56512,22,A,66,ssh_brute_force
1745350967.627254,192.168.100.5,192.168.100.4,TCP,56512,22,PA,89,ssh_brute_force
1745350967.627266,192.168.100.4,192.168.100.5,TCP,22,56512,A,66,ssh_brute_force
1745350967.627445,192.168.100.4,192.168.100.5,TCP,22,56512,PA,92,ssh_brute_force
1745350967.627521,192.168.100.4,192.168.100.5,TCP,22,56512,RA,66,ssh_brute_force
1745350967.627899,192.168.100.5,192.168.100.4,TCP,56512,22,A,66,ssh_brute_force
1745350967.627914,192.168.100.4,192.168.100.5,TCP,22,56512,R,54,ssh_brute_force
1745350967.632402,192.168.100.5,192.168.100.4,TCP,56514,22,S,74,ssh_brute_force
1745350967.632441,192.168.100.4,192.168.100.5,TCP,22,56514,SA,74,ssh_brute_force
1745350967.633385,192.168.100.5,192.168.100.4,TCP,56514,22,A,66,ssh_brute_force
1745350967.633385,192.168.100.5,192.168.100.4,TCP,56514,22,PA,89,ssh_brute_force
1745350967.633471,192.168.100.4,192.168.100.5,TCP,22,56514,A,66,ssh_brute_force
1745350967.633683,192.168.100.4,192.168.100.5,TCP,22,56514,PA,92,ssh_brute_force
1745350967.633761,192.168.100.4,192.168.100.5,TCP,22,56514,RA,66,ssh_brute_force
1745350967.634276,192.168.100.5,192.168.100.4,TCP,56514,22,A,66,ssh_brute_force
1745350967.634289,192.168.100.4,192.168.100.5,TCP,22,56514,R,54,ssh_brute_force
1745350968.367555,192.168.100.4,192.168.100.5,TCP,22,46716,PA,118,ssh_brute_force
1745350968.369584,192.168.100.5,192.168.100.4,TCP,46716,22,PA,142,ssh_brute_force
1745350968.369613,192.168.100.4,192.168.100.5,TCP,22,46716,A,66,ssh_brute_force
1745350968.849492,192.168.100.4,192.168.100.5,TCP,22,46718,FA,66,ssh_brute_force
1745350968.850311,192.168.100.5,192.168.100.4,TCP,46718,22,FA,66,ssh_brute_force
1745350968.850340,192.168.100.4,192.168.100.5,TCP,22,46718,A,66,ssh_brute_force
1745350968.851350,192.168.100.5,192.168.100.4,TCP,56524,22,S,74,ssh_brute_force
1745350968.851381,192.168.100.4,192.168.100.5,TCP,22,56524,SA,74,ssh_brute_force
1745350968.852063,192.168.100.5,192.168.100.4,TCP,56524,22,A,66,ssh_brute_force
1745350968.852504,192.168.100.5,192.168.100.4,TCP,56524,22,PA,89,ssh_brute_force
1745350968.852516,192.168.100.4,192.168.100.5,TCP,22,56524,A,66,ssh_brute_force
1745350968.852903,192.168.100.4,192.168.100.5,TCP,22,56524,PA,92,ssh_brute_force
1745350968.853229,192.168.100.4,192.168.100.5,TCP,22,56524,RA,66,ssh_brute_force
1745350968.853466,192.168.100.5,192.168.100.4,TCP,56524,22,A,66,ssh_brute_force
1745350968.853480,192.168.100.4,192.168.100.5,TCP,22,56524,R,54,ssh_brute_force
1745350969.072043,192.168.100.5,192.168.100.4,TCP,56526,22,S,74,ssh_brute_force
1745350969.072092,192.168.100.4,192.168.100.5,TCP,22,56526,SA,74,ssh_brute_force
1745350969.073063,192.168.100.5,192.168.100.4,TCP,56526,22,A,66,ssh_brute_force
1745350969.073472,192.168.100.5,192.168.100.4,TCP,56526,22,PA,89,ssh_brute_force
1745350969.073487,192.168.100.4,192.168.100.5,TCP,22,56526,A,66,ssh_brute_force
1745350969.074500,192.168.100.4,192.168.100.5,TCP,22,56526,PA,92,ssh_brute_force
1745350969.075029,192.168.100.5,192.168.100.4,TCP,56526,22,A,66,ssh_brute_force
1745350969.075111,192.168.100.4,192.168.100.5,TCP,22,56526,RA,66,ssh_brute_force
1745350969.414597,192.168.100.4,192.168.100.5,TCP,22,46716,FA,66,ssh_brute_force
1745350969.415635,192.168.100.5,192.168.100.4,TCP,46716,22,FA,66,ssh_brute_force
1745350969.415656,192.168.100.4,192.168.100.5,TCP,22,46716,A,66,ssh_brute_force
1745350969.415999,192.168.100.5,192.168.100.4,TCP,56530,22,S,74,ssh_brute_force
1745350969.416026,192.168.100.4,192.168.100.5,TCP,22,56530,SA,74,ssh_brute_force
1745350969.416735,192.168.100.5,192.168.100.4,TCP,56530,22,A,66,ssh_brute_force
1745350969.416735,192.168.100.5,192.168.100.4,TCP,56530,22,PA,89,ssh_brute_force
1745350969.416818,192.168.100.4,192.168.100.5,TCP,22,56530,A,66,ssh_brute_force
1745350969.416887,192.168.100.4,192.168.100.5,TCP,22,56530,PA,92,ssh_brute_force
1745350969.416965,192.168.100.4,192.168.100.5,TCP,22,56530,RA,66,ssh_brute_force
1745350969.417246,192.168.100.5,192.168.100.4,TCP,56530,22,A,66,ssh_brute_force
1745350969.417260,192.168.100.4,192.168.100.5,TCP,22,56530,R,54,ssh_brute_force
